timestamp,value
31/08/15 18:22,90
31/08/15 18:32,80
31/08/15 18:57,84
31/08/15 19:07,94
31/08/15 19:12,90
31/08/15 19:17,91
31/08/15 19:47,62
31/08/15 20:12,96
31/08/15 20:27,75
31/08/15 20:42,84
31/08/15 20:47,86
31/08/15 20:52,93
31/08/15 21:22,69
31/08/15 21:27,88
31/08/15 21:32,71
31/08/15 21:47,74
31/08/15 21:57,68
31/08/15 22:07,88
31/08/15 22:17,71
31/08/15 22:22,87
31/08/15 22:27,82
31/08/15 23:37,68
31/08/15 23:57,73
01/09/15 0:07,69
01/09/15 0:12,57
01/09/15 0:17,43
01/09/15 0:22,47
01/09/15 0:47,73
01/09/15 0:57,78
01/09/15 1:07,83
01/09/15 1:32,87
01/09/15 1:52,77
01/09/15 2:22,80
01/09/15 2:37,69
01/09/15 2:47,63
01/09/15 3:02,78
01/09/15 3:27,66
01/09/15 3:47,72
01/09/15 3:52,54
01/09/15 4:02,73
01/09/15 4:07,82
01/09/15 4:22,90
01/09/15 4:27,92
01/09/15 4:37,63
01/09/15 4:52,69
01/09/15 5:02,97
01/09/15 5:12,85
01/09/15 5:20,86
01/09/15 5:25,84
01/09/15 5:30,88
01/09/15 5:40,78
01/09/15 5:45,88
01/09/15 5:50,80
01/09/15 6:10,75
01/09/15 6:15,88
01/09/15 6:20,69
01/09/15 6:25,84
01/09/15 6:30,76
01/09/15 6:35,84
01/09/15 6:40,87
01/09/15 6:45,87
01/09/15 6:50,67
01/09/15 6:55,62
01/09/15 7:00,84
01/09/15 7:05,89
01/09/15 7:10,81
01/09/15 7:15,84
01/09/15 7:20,85
01/09/15 7:25,89
01/09/15 7:30,81
01/09/15 7:40,91
01/09/15 7:45,82
01/09/15 7:50,94
01/09/15 7:55,85
01/09/15 8:00,102
01/09/15 8:05,76
01/09/15 8:10,86
01/09/15 8:15,87
01/09/15 8:30,83
01/09/15 8:35,93
01/09/15 8:40,87
01/09/15 8:45,80
01/09/15 8:50,87
01/09/15 8:55,75
01/09/15 9:00,75
01/09/15 9:05,68
01/09/15 9:10,94
01/09/15 9:15,77
01/09/15 9:20,82
01/09/15 9:25,94
01/09/15 9:30,78
01/09/15 9:50,84
01/09/15 10:05,82
01/09/15 10:10,100
01/09/15 10:20,68
01/09/15 10:35,81
01/09/15 10:45,93
01/09/15 10:50,91
01/09/15 10:55,78
01/09/15 10:59,77
01/09/15 11:05,85
01/09/15 11:10,84
01/09/15 11:15,72
01/09/15 11:25,58
01/09/15 11:30,80
01/09/15 11:45,66
01/09/15 11:50,86
01/09/15 11:55,74
01/09/15 12:00,86
01/09/15 12:05,71
01/09/15 12:10,87
01/09/15 12:25,73
01/09/15 12:40,76
01/09/15 12:45,66
01/09/15 12:55,68
01/09/15 13:00,86
01/09/15 13:10,90
01/09/15 13:20,83
01/09/15 13:35,75
01/09/15 13:40,84
01/09/15 13:45,88
01/09/15 13:50,85
01/09/15 13:55,92
01/09/15 14:00,94
01/09/15 14:05,92
01/09/15 14:20,77
01/09/15 14:25,93
01/09/15 14:35,77
01/09/15 14:40,73
01/09/15 14:45,88
01/09/15 14:50,76
01/09/15 14:55,93
01/09/15 15:20,76
01/09/15 17:15,87
01/09/15 17:25,90
01/09/15 17:30,91
01/09/15 17:35,102
01/09/15 17:45,75
01/09/15 17:55,68
01/09/15 18:10,81
01/09/15 18:45,93
01/09/15 18:50,93
01/09/15 19:00,84
01/09/15 19:05,87
01/09/15 19:10,80
01/09/15 19:20,86
01/09/15 19:25,67
01/09/15 19:30,94
01/09/15 19:40,79
01/09/15 19:55,70
01/09/15 20:00,82
01/09/15 20:05,85
01/09/15 20:10,88
01/09/15 20:20,85
01/09/15 20:25,72
01/09/15 20:30,78
01/09/15 20:45,79
01/09/15 20:55,80
01/09/15 21:05,65
01/09/15 21:25,80
01/09/15 21:40,69
01/09/15 22:30,91
01/09/15 22:35,97
01/09/15 22:40,94
01/09/15 22:45,96
01/09/15 23:01,77
01/09/15 23:05,79
01/09/15 23:10,78
01/09/15 23:20,71
01/09/15 23:40,88
02/09/15 0:00,76
02/09/15 0:05,71
02/09/15 0:15,64
02/09/15 0:20,66
02/09/15 0:35,74
02/09/15 1:00,70
02/09/15 1:35,75
02/09/15 2:10,79
02/09/15 2:25,71
02/09/15 2:40,74
02/09/15 3:05,95
02/09/15 3:10,98
02/09/15 3:35,92
02/09/15 4:15,66
02/09/15 4:20,67
02/09/15 4:25,59
02/09/15 4:30,75
02/09/15 4:35,90
02/09/15 4:45,76
02/09/15 4:50,71
02/09/15 5:00,87
02/09/15 5:05,89
02/09/15 5:15,79
02/09/15 5:20,77
02/09/15 5:25,84
02/09/15 5:30,84
02/09/15 5:35,87
02/09/15 5:45,93
02/09/15 5:50,83
02/09/15 5:55,88
02/09/15 6:00,90
02/09/15 6:05,89
02/09/15 6:10,84
02/09/15 6:15,88
02/09/15 6:20,95
02/09/15 6:25,86
02/09/15 6:30,79
02/09/15 6:35,89
02/09/15 6:40,79
02/09/15 6:45,75
02/09/15 6:50,84
02/09/15 6:55,83
02/09/15 7:00,74
02/09/15 7:05,64
02/09/15 7:10,75
02/09/15 7:15,72
02/09/15 7:20,88
02/09/15 7:25,76
02/09/15 7:30,73
02/09/15 7:35,86
02/09/15 7:40,87
02/09/15 7:45,87
02/09/15 7:50,83
02/09/15 7:55,88
02/09/15 8:00,85
02/09/15 8:05,83
02/09/15 8:10,86
02/09/15 8:15,84
02/09/15 8:20,72
02/09/15 8:30,81
02/09/15 8:35,86
02/09/15 8:45,69
02/09/15 8:50,57
02/09/15 8:55,83
02/09/15 9:00,90
02/09/15 9:05,74
02/09/15 9:10,63
02/09/15 9:20,85
02/09/15 9:30,73
02/09/15 9:35,83
02/09/15 9:40,74
02/09/15 9:50,67
02/09/15 9:55,89
02/09/15 10:00,89
02/09/15 10:10,81
02/09/15 10:15,89
02/09/15 10:20,75
02/09/15 10:25,77
02/09/15 10:30,67
02/09/15 10:35,90
02/09/15 10:40,88
02/09/15 10:45,96
02/09/15 10:50,79
02/09/15 11:00,89
02/09/15 11:15,93
02/09/15 11:20,72
02/09/15 11:25,93
02/09/15 11:30,72
02/09/15 11:35,76
02/09/15 12:00,86
02/09/15 12:05,78
02/09/15 12:10,89
02/09/15 12:15,75
02/09/15 12:25,87
02/09/15 12:35,83
02/09/15 12:40,77
02/09/15 12:45,92
02/09/15 12:50,82
02/09/15 12:55,82
02/09/15 13:05,82
02/09/15 13:10,84
02/09/15 13:15,75
02/09/15 13:20,79
02/09/15 13:25,72
02/09/15 13:30,96
02/09/15 13:35,75
02/09/15 13:40,66
02/09/15 13:45,89
02/09/15 13:50,74
02/09/15 13:55,87
02/09/15 14:05,81
02/09/15 14:15,90
02/09/15 14:20,79
02/09/15 14:25,82
02/09/15 14:30,93
02/09/15 14:35,71
02/09/15 14:50,90
02/09/15 14:55,97
02/09/15 15:05,81
02/09/15 15:10,85
02/09/15 15:15,78
02/09/15 15:20,78
02/09/15 15:25,70
02/09/15 15:30,99
02/09/15 15:35,85
02/09/15 15:40,98
02/09/15 15:45,82
02/09/15 15:50,74
02/09/15 16:05,84
02/09/15 16:15,93
02/09/15 16:20,90
02/09/15 16:25,91
02/09/15 16:30,77
02/09/15 16:50,83
02/09/15 16:55,80
02/09/15 17:00,84
02/09/15 17:10,78
02/09/15 17:20,80
02/09/15 17:35,73
02/09/15 17:45,80
02/09/15 18:05,82
02/09/15 18:10,79
02/09/15 18:15,68
02/09/15 18:20,75
02/09/15 18:30,94
02/09/15 18:35,76
02/09/15 18:45,93
02/09/15 18:50,77
02/09/15 19:00,84
02/09/15 19:05,88
02/09/15 19:10,98
02/09/15 19:15,81
02/09/15 19:21,78
02/09/15 19:26,81
02/09/15 19:46,87
02/09/15 19:56,94
02/09/15 20:11,91
02/09/15 20:46,81
02/09/15 20:56,85
02/09/15 21:00,93
02/09/15 21:16,84
02/09/15 21:21,81
02/09/15 21:31,72
02/09/15 21:36,91
02/09/15 21:46,72
02/09/15 21:51,72
02/09/15 22:11,82
02/09/15 22:21,74
02/09/15 22:31,85
02/09/15 22:36,89
02/09/15 22:41,75
02/09/15 22:51,74
02/09/15 23:51,82
03/09/15 0:01,73
03/09/15 0:11,62
03/09/15 0:21,66
03/09/15 0:36,71
03/09/15 0:41,78
03/09/15 0:51,92
03/09/15 1:21,68
03/09/15 1:26,73
03/09/15 1:51,79
03/09/15 1:56,79
03/09/15 2:01,76
03/09/15 2:11,80
03/09/15 2:16,79
03/09/15 2:21,83
03/09/15 3:11,73
03/09/15 3:21,64
03/09/15 3:26,64
03/09/15 3:46,73
03/09/15 3:51,71
03/09/15 4:06,67
03/09/15 4:11,74
03/09/15 4:16,84
03/09/15 4:36,90
03/09/15 4:56,68
03/09/15 5:01,79
03/09/15 5:06,92
03/09/15 5:11,87
03/09/15 5:21,71
03/09/15 5:26,90
03/09/15 5:31,88
03/09/15 5:36,93
03/09/15 5:41,91
03/09/15 5:46,93
03/09/15 5:51,83
03/09/15 5:56,82
03/09/15 6:01,89
03/09/15 6:06,86
03/09/15 6:11,88
03/09/15 6:16,80
03/09/15 6:21,97
03/09/15 6:26,94
03/09/15 6:36,86
03/09/15 6:41,93
03/09/15 6:46,86
03/09/15 6:51,89
03/09/15 6:56,67
03/09/15 7:01,94
03/09/15 7:06,89
03/09/15 7:11,86
03/09/15 7:16,82
03/09/15 7:21,80
03/09/15 7:26,91
03/09/15 7:31,90
03/09/15 7:36,89
03/09/15 7:41,81
03/09/15 7:46,74
03/09/15 7:51,94
03/09/15 7:56,76
03/09/15 8:01,88
03/09/15 8:11,92
03/09/15 8:16,78
03/09/15 8:21,78
03/09/15 8:26,75
03/09/15 8:31,71
03/09/15 8:36,80
03/09/15 8:41,90
03/09/15 8:46,87
03/09/15 8:56,94
03/09/15 9:01,77
03/09/15 9:06,82
03/09/15 9:16,87
03/09/15 9:21,71
03/09/15 9:26,79
03/09/15 9:31,94
03/09/15 9:36,98
03/09/15 9:41,83
03/09/15 9:56,70
03/09/15 10:01,77
03/09/15 10:06,73
03/09/15 10:11,83
03/09/15 10:16,89
03/09/15 10:26,60
03/09/15 10:31,73
03/09/15 10:36,91
03/09/15 10:41,80
03/09/15 10:46,82
03/09/15 10:51,96
03/09/15 11:01,79
03/09/15 11:06,82
03/09/15 11:16,84
03/09/15 11:21,74
03/09/15 11:26,88
03/09/15 11:36,86
03/09/15 11:46,94
03/09/15 12:01,73
03/09/15 12:06,83
03/09/15 12:11,76
03/09/15 12:16,78
03/09/15 12:21,76
03/09/15 12:31,92
03/09/15 12:41,83
03/09/15 12:46,76
03/09/15 12:51,78
03/09/15 12:56,97
03/09/15 13:01,83
03/09/15 13:06,69
03/09/15 13:11,71
03/09/15 13:21,92
03/09/15 13:26,91
03/09/15 13:31,92
03/09/15 13:41,77
03/09/15 13:46,84
03/09/15 14:01,81
03/09/15 14:06,62
03/09/15 14:11,83
03/09/15 14:16,82
03/09/15 14:21,96
03/09/15 14:26,96
03/09/15 14:31,89
03/09/15 14:41,102
03/09/15 14:46,89
03/09/15 14:56,82
03/09/15 15:01,80
03/09/15 15:06,87
03/09/15 15:11,85
03/09/15 15:16,71
03/09/15 15:21,73
03/09/15 15:26,72
03/09/15 15:31,94
03/09/15 15:36,73
03/09/15 15:41,83
03/09/15 15:46,89
03/09/15 15:51,83
03/09/15 15:56,91
03/09/15 16:06,91
03/09/15 16:21,79
03/09/15 16:31,72
03/09/15 16:36,82
03/09/15 16:41,71
03/09/15 16:46,80
03/09/15 16:56,87
03/09/15 17:01,81
03/09/15 17:06,97
03/09/15 17:11,84
03/09/15 17:16,88
03/09/15 17:21,86
03/09/15 17:26,81
03/09/15 17:36,91
03/09/15 17:41,79
03/09/15 17:46,88
03/09/15 17:51,99
03/09/15 17:56,92
03/09/15 18:01,81
03/09/15 18:11,85
03/09/15 18:16,82
03/09/15 18:21,78
03/09/15 18:31,84
03/09/15 18:36,87
03/09/15 18:41,70
03/09/15 18:51,84
03/09/15 19:06,85
03/09/15 19:11,78
03/09/15 19:21,91
03/09/15 19:26,79
03/09/15 20:02,87
03/09/15 20:12,74
03/09/15 20:17,90
03/09/15 20:22,81
03/09/15 20:27,89
03/09/15 20:57,98
03/09/15 21:02,81
03/09/15 21:32,78
03/09/15 21:42,77
03/09/15 22:02,91
03/09/15 22:22,87
03/09/15 22:27,83
03/09/15 23:22,65
03/09/15 23:27,87
03/09/15 23:32,72
03/09/15 23:42,95
03/09/15 23:57,86
04/09/15 0:02,80
04/09/15 0:07,62
04/09/15 0:22,72
04/09/15 0:27,78
04/09/15 0:42,74
04/09/15 1:07,84
04/09/15 1:27,88
04/09/15 2:27,72
04/09/15 2:52,71
04/09/15 2:57,72
04/09/15 3:12,73
04/09/15 3:27,81
04/09/15 4:02,81
04/09/15 4:22,92
04/09/15 4:37,79
04/09/15 4:52,95
04/09/15 5:12,76
04/09/15 5:17,82
04/09/15 5:22,77
04/09/15 5:32,79
04/09/15 5:37,87
04/09/15 5:42,87
04/09/15 5:47,84
04/09/15 5:52,86
04/09/15 5:57,84
04/09/15 6:07,79
04/09/15 6:12,83
04/09/15 6:17,82
04/09/15 6:22,82
04/09/15 6:27,85
04/09/15 6:32,83
04/09/15 6:37,84
04/09/15 6:42,84
04/09/15 6:47,83
04/09/15 6:52,77
04/09/15 6:57,72
04/09/15 7:02,88
04/09/15 7:07,81
04/09/15 7:12,86
04/09/15 7:22,93
04/09/15 7:27,78
04/09/15 7:32,80
04/09/15 7:37,95
04/09/15 7:47,80
04/09/15 7:52,90
04/09/15 7:57,90
04/09/15 8:02,82
04/09/15 8:07,100
04/09/15 8:12,78
04/09/15 8:17,71
04/09/15 8:22,86
04/09/15 8:27,75
04/09/15 8:32,79
04/09/15 8:37,90
04/09/15 8:52,80
04/09/15 8:57,86
04/09/15 9:12,81
04/09/15 9:17,83
04/09/15 9:32,73
04/09/15 9:42,81
04/09/15 9:47,77
04/09/15 9:52,84
04/09/15 9:57,67
04/09/15 10:12,90
04/09/15 10:17,81
04/09/15 10:22,86
04/09/15 10:27,89
04/09/15 10:32,97
04/09/15 10:37,81
04/09/15 10:42,82
04/09/15 10:47,91
04/09/15 10:57,77
04/09/15 11:02,80
04/09/15 11:07,90
04/09/15 11:17,83
04/09/15 11:22,82
04/09/15 11:27,81
04/09/15 11:32,99
04/09/15 11:37,87
04/09/15 11:42,67
04/09/15 11:47,84
04/09/15 11:52,84
04/09/15 11:57,81
04/09/15 12:12,87
04/09/15 12:27,78
04/09/15 12:32,88
04/09/15 12:37,73
04/09/15 12:42,100
04/09/15 12:52,84
04/09/15 12:57,92
04/09/15 13:02,88
04/09/15 13:12,85
04/09/15 13:17,78
04/09/15 13:27,85
04/09/15 13:37,93
04/09/15 13:47,85
04/09/15 13:52,92
04/09/15 13:57,76
04/09/15 14:02,91
04/09/15 14:07,89
04/09/15 14:12,82
04/09/15 14:17,91
04/09/15 14:22,84
04/09/15 14:27,83
04/09/15 14:32,73
04/09/15 14:37,83
04/09/15 14:42,96
04/09/15 14:47,78
04/09/15 14:52,77
04/09/15 15:02,82
04/09/15 15:17,82
04/09/15 15:22,80
04/09/15 15:32,91
04/09/15 15:42,87
04/09/15 15:47,92
04/09/15 15:52,90
04/09/15 16:02,93
04/09/15 16:12,85
04/09/15 16:17,96
04/09/15 16:27,80
04/09/15 16:32,85
04/09/15 16:42,83
04/09/15 16:47,74
04/09/15 16:52,85
04/09/15 16:57,76
04/09/15 17:02,91
04/09/15 17:07,97
04/09/15 17:12,95
04/09/15 17:17,83
04/09/15 17:22,91
04/09/15 17:27,91
04/09/15 17:32,94
04/09/15 17:37,84
04/09/15 17:42,97
04/09/15 17:47,96
04/09/15 18:02,89
04/09/15 18:07,96
04/09/15 18:12,83
04/09/15 18:17,79
04/09/15 18:22,84
04/09/15 18:27,76
04/09/15 18:32,90
04/09/15 18:37,93
04/09/15 18:42,85
04/09/15 18:47,79
04/09/15 18:52,97
04/09/15 18:57,82
04/09/15 19:02,87
04/09/15 19:07,81
04/09/15 19:12,87
04/09/15 19:22,78
04/09/15 19:27,78
04/09/15 19:32,80
04/09/15 19:42,80
04/09/15 19:47,93
04/09/15 19:57,74
04/09/15 20:02,84
04/09/15 20:12,80
04/09/15 20:17,83
04/09/15 20:23,88
04/09/15 20:28,99
04/09/15 20:33,79
04/09/15 20:38,84
04/09/15 20:48,71
04/09/15 20:53,99
04/09/15 21:03,79
04/09/15 21:13,89
04/09/15 21:18,83
04/09/15 21:33,94
04/09/15 21:38,98
04/09/15 21:53,81
04/09/15 22:08,78
04/09/15 22:13,89
04/09/15 22:23,80
04/09/15 22:34,88
04/09/15 22:41,92
08/09/15 10:44,94
08/09/15 10:49,94
08/09/15 10:59,80
08/09/15 11:04,85
08/09/15 11:09,92
08/09/15 11:14,70
08/09/15 11:19,83
08/09/15 11:29,67
08/09/15 11:34,98
08/09/15 11:39,89
08/09/15 11:49,102
08/09/15 11:59,86
08/09/15 12:14,78
08/09/15 12:19,84
08/09/15 12:24,93
08/09/15 12:27,87
08/09/15 12:32,87
08/09/15 12:36,87
08/09/15 12:46,77
08/09/15 12:51,83
08/09/15 12:56,80
08/09/15 13:01,92
08/09/15 13:06,91
08/09/15 13:16,90
08/09/15 13:26,85
08/09/15 13:36,81
08/09/15 13:41,74
08/09/15 13:46,89
08/09/15 13:51,80
08/09/15 13:56,75
08/09/15 14:00,83
08/09/15 14:06,81
08/09/15 14:11,84
08/09/15 14:21,89
08/09/15 14:31,95
08/09/15 14:36,91
08/09/15 14:41,61
08/09/15 14:51,91
08/09/15 14:56,88
08/09/15 15:01,74
08/09/15 15:06,91
08/09/15 15:11,84
08/09/15 15:16,91
08/09/15 15:26,81
08/09/15 15:29,89
08/09/15 15:41,81
08/09/15 16:15,92
08/09/15 16:31,75
08/09/15 16:36,90
08/09/15 16:41,92
08/09/15 16:46,72
08/09/15 16:56,92
08/09/15 17:06,106
08/09/15 17:11,93
08/09/15 17:21,94
08/09/15 17:26,89
08/09/15 17:31,93
08/09/15 17:36,75
08/09/15 17:46,82
08/09/15 17:51,78
08/09/15 17:56,84
08/09/15 18:26,92
08/09/15 18:31,78
08/09/15 18:36,74
08/09/15 18:41,95
08/09/15 18:46,88
08/09/15 18:56,68
08/09/15 19:01,74
08/09/15 19:06,75
08/09/15 19:16,81
08/09/15 19:26,82
08/09/15 19:36,92
08/09/15 19:41,67
08/09/15 19:46,85
08/09/15 19:51,87
08/09/15 20:06,71
08/09/15 20:11,81
08/09/15 20:26,80
08/09/15 20:36,88
08/09/15 20:41,97
08/09/15 20:46,62
08/09/15 20:56,87
08/09/15 21:06,92
08/09/15 21:11,75
08/09/15 21:16,63
08/09/15 21:21,86
08/09/15 21:46,77
08/09/15 21:51,77
08/09/15 21:56,82
08/09/15 22:06,90
08/09/15 22:12,93
08/09/15 22:26,76
08/09/15 22:36,74
08/09/15 22:51,78
08/09/15 22:56,83
08/09/15 23:56,75
09/09/15 0:26,81
09/09/15 1:11,87
09/09/15 1:51,71
09/09/15 3:11,89
09/09/15 6:04,84
09/09/15 7:34,86
09/09/15 9:20,92
09/09/15 9:48,95
09/09/15 9:53,87
09/09/15 9:58,90
09/09/15 10:03,86
09/09/15 10:08,83
09/09/15 10:18,86
09/09/15 10:23,83
09/09/15 10:33,78
09/09/15 10:43,70
09/09/15 10:53,69
09/09/15 10:58,74
09/09/15 11:08,76
09/09/15 11:18,69
09/09/15 11:23,77
09/09/15 11:38,81
09/09/15 11:43,81
09/09/15 11:48,88
09/09/15 11:58,85
09/09/15 12:13,81
09/09/15 12:23,96
09/09/15 12:28,92
09/09/15 12:43,82
09/09/15 12:53,87
09/09/15 12:58,77
09/09/15 13:03,91
09/09/15 13:13,91
09/09/15 13:18,76
09/09/15 13:23,97
09/09/15 13:38,89
09/09/15 13:48,75
09/09/15 13:53,91
09/09/15 14:08,79
09/09/15 14:13,75
09/09/15 14:18,90
09/09/15 14:23,68
09/09/15 14:33,94
09/09/15 14:43,93
09/09/15 15:03,71
09/09/15 15:08,78
09/09/15 15:13,78
09/09/15 15:18,86
09/09/15 15:23,78
09/09/15 15:28,80
09/09/15 15:33,84
09/09/15 15:43,90
09/09/15 15:48,81
09/09/15 15:53,78
09/09/15 15:58,75
09/09/15 16:03,98
09/09/15 16:08,86
09/09/15 16:13,88
09/09/15 16:23,92
09/09/15 16:28,90
09/09/15 16:38,80
09/09/15 16:43,94
09/09/15 16:48,78
09/09/15 16:53,75
09/09/15 16:58,79
09/09/15 17:08,76
09/09/15 17:13,86
09/09/15 17:18,80
09/09/15 17:23,87
09/09/15 17:33,82
09/09/15 17:48,74
09/09/15 17:58,74
09/09/15 18:03,79
09/09/15 18:08,80
09/09/15 18:18,83
09/09/15 18:23,100
09/09/15 18:28,78
09/09/15 18:43,78
09/09/15 18:48,89
09/09/15 18:53,81
09/09/15 19:03,79
09/09/15 19:18,92
09/09/15 19:33,78
09/09/15 19:38,85
09/09/15 19:43,77
09/09/15 19:48,88
09/09/15 19:58,81
09/09/15 20:03,78
09/09/15 20:08,83
09/09/15 20:13,68
09/09/15 20:18,68
09/09/15 20:33,83
09/09/15 20:38,81
09/09/15 20:48,83
09/09/15 20:58,94
09/09/15 21:03,82
09/09/15 21:08,64
09/09/15 21:13,77
09/09/15 21:18,78
09/09/15 21:23,72
09/09/15 21:33,61
09/09/15 21:38,80
09/09/15 21:43,57
09/09/15 21:48,80
09/09/15 22:03,73
09/09/15 22:08,79
09/09/15 22:13,65
09/09/15 22:23,63
09/09/15 22:28,68
09/09/15 22:33,70
09/09/15 22:38,72
09/09/15 22:41,68
09/09/15 22:46,76
10/09/15 0:08,83
10/09/15 0:23,81
10/09/15 0:38,68
10/09/15 0:53,68
10/09/15 0:58,59
10/09/15 1:03,57
10/09/15 1:08,57
10/09/15 1:13,63
10/09/15 1:38,73
10/09/15 1:58,76
10/09/15 2:08,77
10/09/15 2:18,69
10/09/15 2:23,73
10/09/15 2:28,70
10/09/15 5:28,90
10/09/15 5:33,85
10/09/15 5:38,83
10/09/15 5:45,78
10/09/15 8:00,85
10/09/15 8:13,77
10/09/15 8:18,91
10/09/15 8:23,88
10/09/15 8:28,90
10/09/15 8:33,92
10/09/15 8:43,95
10/09/15 8:48,74
10/09/15 8:53,94
10/09/15 8:58,58
10/09/15 9:03,88
10/09/15 9:08,87
10/09/15 9:13,82
10/09/15 9:18,85
10/09/15 9:28,71
10/09/15 9:33,86
10/09/15 9:38,79
10/09/15 9:43,78
10/09/15 9:48,86
10/09/15 9:52,81
10/09/15 9:57,77
10/09/15 10:02,74
10/09/15 10:07,77
10/09/15 10:17,98
10/09/15 10:22,98
10/09/15 10:27,69
10/09/15 10:37,79
10/09/15 10:42,85
10/09/15 10:47,85
10/09/15 10:52,88
10/09/15 10:57,65
10/09/15 11:02,81
10/09/15 11:07,97
10/09/15 11:12,90
10/09/15 11:22,90
10/09/15 11:32,95
10/09/15 11:42,76
10/09/15 11:47,78
10/09/15 11:57,79
10/09/15 12:02,79
10/09/15 12:12,81
10/09/15 12:17,81
10/09/15 12:22,77
10/09/15 12:57,87
10/09/15 13:02,90
10/09/15 13:07,81
10/09/15 13:12,95
10/09/15 13:17,87
10/09/15 13:22,83
10/09/15 13:27,78
10/09/15 13:42,85
10/09/15 13:47,85
10/09/15 13:57,88
10/09/15 14:02,94
10/09/15 14:12,75
10/09/15 14:37,74
10/09/15 14:42,85
10/09/15 14:47,81
10/09/15 14:57,80
10/09/15 15:02,86
10/09/15 15:07,84
10/09/15 15:12,95
10/09/15 15:17,90
10/09/15 15:22,86
10/09/15 15:27,90
10/09/15 15:32,92
10/09/15 15:37,91
10/09/15 15:42,82
10/09/15 15:47,85
10/09/15 15:52,72
10/09/15 15:57,90
10/09/15 16:02,75
10/09/15 16:12,90
10/09/15 16:17,77
10/09/15 16:27,85
10/09/15 16:32,81
10/09/15 16:37,77
10/09/15 16:42,89
10/09/15 16:47,91
10/09/15 16:57,84
10/09/15 17:02,87
10/09/15 17:17,84
10/09/15 17:22,65
10/09/15 17:27,78
10/09/15 17:37,99
10/09/15 17:42,75
10/09/15 17:47,79
10/09/15 17:52,88
10/09/15 18:02,86
10/09/15 18:07,86
10/09/15 18:12,75
10/09/15 18:17,87
10/09/15 18:22,87
10/09/15 18:27,77
10/09/15 18:32,91
10/09/15 18:42,81
10/09/15 18:47,78
10/09/15 18:52,76
10/09/15 19:02,72
10/09/15 19:07,79
10/09/15 19:17,84
10/09/15 19:27,68
10/09/15 19:37,70
10/09/15 19:47,90
10/09/15 19:52,86
10/09/15 20:02,82
10/09/15 20:12,91
10/09/15 20:28,81
10/09/15 20:32,79
10/09/15 20:43,81
10/09/15 20:47,78
10/09/15 20:57,84
10/09/15 21:07,94
10/09/15 21:12,81
10/09/15 21:17,79
10/09/15 21:32,83
10/09/15 21:37,92
10/09/15 21:42,89
10/09/15 21:47,79
10/09/15 22:12,81
10/09/15 22:27,92
10/09/15 22:32,90
10/09/15 22:37,78
10/09/15 22:47,85
10/09/15 22:57,94
10/09/15 23:02,84
10/09/15 23:07,72
10/09/15 23:37,78
10/09/15 23:42,71
10/09/15 23:57,65
11/09/15 0:02,64
11/09/15 0:22,69
11/09/15 1:07,84
11/09/15 1:17,77
11/09/15 1:32,71
11/09/15 1:42,72
11/09/15 1:57,76
11/09/15 2:12,80
11/09/15 2:22,77
11/09/15 2:32,70
11/09/15 2:57,81
11/09/15 3:12,85
11/09/15 3:27,84
11/09/15 3:32,86
11/09/15 3:47,76
11/09/15 4:07,83
11/09/15 4:12,83
11/09/15 4:17,76
11/09/15 4:27,81
11/09/15 4:47,73
11/09/15 4:52,81
11/09/15 5:17,95
11/09/15 5:22,89
11/09/15 5:32,85
11/09/15 5:37,87
11/09/15 5:42,96
11/09/15 5:47,92
11/09/15 5:52,88
11/09/15 5:57,79
11/09/15 6:02,83
11/09/15 6:07,89
11/09/15 6:12,90
11/09/15 6:17,89
11/09/15 6:22,81
11/09/15 6:27,89
11/09/15 6:32,87
11/09/15 6:37,93
11/09/15 6:42,79
11/09/15 6:47,81
11/09/15 6:52,82
11/09/15 6:57,86
11/09/15 7:02,86
11/09/15 7:07,66
11/09/15 7:12,77
11/09/15 7:17,81
11/09/15 7:22,79
11/09/15 7:27,85
11/09/15 7:32,82
11/09/15 7:37,81
11/09/15 7:42,90
11/09/15 7:47,67
11/09/15 7:57,84
11/09/15 8:02,79
11/09/15 8:07,74
11/09/15 8:12,75
11/09/15 8:17,86
11/09/15 8:22,75
11/09/15 8:27,75
11/09/15 8:32,78
11/09/15 8:37,84
11/09/15 8:47,84
11/09/15 8:52,80
11/09/15 8:57,87
11/09/15 9:02,87
11/09/15 9:12,75
11/09/15 9:17,81
11/09/15 9:22,77
11/09/15 9:27,99
11/09/15 9:32,77
11/09/15 9:37,86
11/09/15 9:42,64
11/09/15 10:02,73
11/09/15 10:07,83
11/09/15 10:17,72
11/09/15 10:34,86
11/09/15 10:44,86
11/09/15 10:49,87
11/09/15 10:54,90
11/09/15 10:59,85
11/09/15 11:04,82
11/09/15 11:09,80
11/09/15 11:14,93
11/09/15 11:24,76
11/09/15 11:29,83
11/09/15 11:34,87
11/09/15 11:39,81
11/09/15 11:44,80
11/09/15 11:49,83
11/09/15 11:54,88
11/09/15 11:59,73
11/09/15 12:04,63
11/09/15 12:09,76
11/09/15 12:14,80
11/09/15 12:19,82
11/09/15 12:24,72
11/09/15 12:29,81
11/09/15 12:34,87
11/09/15 12:44,83
11/09/15 12:49,83
11/09/15 12:54,91
11/09/15 12:59,81
11/09/15 13:04,76
11/09/15 13:09,89
11/09/15 13:19,86
11/09/15 13:24,91
11/09/15 13:29,75
11/09/15 13:34,75
11/09/15 13:39,89
11/09/15 13:44,90
11/09/15 13:49,78
11/09/15 13:54,86
11/09/15 13:59,80
11/09/15 14:04,75
11/09/15 14:09,78
11/09/15 14:14,84
11/09/15 14:19,77
11/09/15 14:24,88
11/09/15 14:29,69
11/09/15 14:34,78
11/09/15 14:39,81
11/09/15 14:44,89
11/09/15 14:49,82
11/09/15 14:54,69
11/09/15 14:59,76
11/09/15 15:04,89
11/09/15 15:19,78
11/09/15 15:24,91
11/09/15 15:29,75
11/09/15 15:34,86
11/09/15 15:39,92
11/09/15 15:44,85
11/09/15 15:49,85
11/09/15 15:54,74
11/09/15 15:59,82
11/09/15 16:04,72
11/09/15 16:09,63
11/09/15 16:14,84
11/09/15 16:19,85
11/09/15 16:24,90
11/09/15 16:29,53
11/09/15 16:34,82
11/09/15 16:39,80
11/09/15 16:44,92
11/09/15 16:49,80
11/09/15 16:54,79
11/09/15 16:59,83
11/09/15 17:04,77
11/09/15 17:09,79
11/09/15 17:14,76
11/09/15 17:19,89
11/09/15 17:24,85
11/09/15 17:29,91
11/09/15 17:34,77
11/09/15 17:39,84
11/09/15 17:44,81
11/09/15 17:49,85
11/09/15 17:54,94
11/09/15 17:59,80
11/09/15 18:04,87
11/09/15 18:11,80
11/09/15 18:16,79
11/09/15 18:21,71
11/09/15 18:26,84
11/09/15 18:31,85
11/09/15 18:36,91
11/09/15 18:41,97
11/09/15 18:46,79
11/09/15 18:51,89
11/09/15 18:56,77
11/09/15 19:01,81
11/09/15 19:06,82
11/09/15 19:11,73
11/09/15 19:21,90
11/09/15 19:31,89
11/09/15 19:41,93
11/09/15 19:46,86
11/09/15 19:51,75
11/09/15 20:11,77
11/09/15 20:26,92
11/09/15 20:31,65
11/09/15 20:36,84
11/09/15 20:41,94
11/09/15 20:46,71
11/09/15 20:51,70
11/09/15 20:56,85
11/09/15 21:01,93
11/09/15 21:06,93
11/09/15 21:21,84
11/09/15 21:26,76
11/09/15 21:36,95
11/09/15 21:46,90
11/09/15 21:51,72
11/09/15 22:06,83
11/09/15 22:11,77
11/09/15 22:21,83
11/09/15 22:41,80
11/09/15 22:46,76
11/09/15 22:56,84
11/09/15 23:01,82
11/09/15 23:11,77
11/09/15 23:16,69
11/09/15 23:36,86
11/09/15 23:41,100
12/09/15 0:11,71
12/09/15 0:26,62
12/09/15 0:31,72
12/09/15 0:41,62
12/09/15 0:46,56
12/09/15 0:51,55
12/09/15 1:01,68
12/09/15 1:26,95
12/09/15 1:31,94
12/09/15 2:21,70
12/09/15 2:56,78
12/09/15 3:46,92
12/09/15 3:56,91
12/09/15 4:06,90
12/09/15 4:36,70
12/09/15 4:41,72
12/09/15 4:51,73
12/09/15 5:06,84
12/09/15 5:21,80
12/09/15 5:41,82
12/09/15 5:46,76
12/09/15 5:56,71
12/09/15 6:06,84
12/09/15 6:16,84
12/09/15 6:26,92
12/09/15 6:51,91
12/09/15 6:56,82
12/09/15 7:01,80
12/09/15 7:16,90
12/09/15 7:21,100
12/09/15 7:31,98
12/09/15 7:36,83
12/09/15 7:46,82
12/09/15 7:51,91
12/09/15 7:56,88
12/09/15 8:06,85
12/09/15 8:11,88
12/09/15 8:16,79
12/09/15 8:21,97
12/09/15 8:26,74
12/09/15 8:31,97
12/09/15 8:36,83
12/09/15 8:46,69
12/09/15 8:56,86
12/09/15 9:01,80
12/09/15 9:06,95
12/09/15 9:11,87
12/09/15 9:16,96
12/09/15 9:21,100
12/09/15 9:26,102
12/09/15 9:36,91
12/09/15 9:41,80
12/09/15 9:51,97
12/09/15 10:01,90
12/09/15 10:06,78
12/09/15 10:11,109
12/09/15 10:16,98
12/09/15 10:21,85
12/09/15 10:31,93
12/09/15 10:36,94
12/09/15 10:41,99
12/09/15 10:46,80
12/09/15 10:51,90
12/09/15 10:56,91
12/09/15 11:01,84
12/09/15 11:06,92
12/09/15 11:11,95
12/09/15 11:16,86
12/09/15 11:21,81
12/09/15 11:26,97
12/09/15 11:31,86
12/09/15 11:36,82
12/09/15 11:46,81
12/09/15 11:51,81
12/09/15 11:56,77
12/09/15 12:01,89
12/09/15 12:16,89
12/09/15 12:21,87
12/09/15 12:26,76
12/09/15 12:31,99
12/09/15 12:36,94
12/09/15 12:41,90
12/09/15 12:46,97
12/09/15 12:51,79
12/09/15 12:56,86
12/09/15 13:01,89
12/09/15 13:11,84
12/09/15 13:16,76
12/09/15 13:21,80
12/09/15 13:31,87
12/09/15 13:41,80
12/09/15 13:46,72
12/09/15 13:56,85
12/09/15 14:01,82
12/09/15 14:06,89
12/09/15 14:11,86
12/09/15 14:16,81
12/09/15 14:21,98
12/09/15 14:26,87
12/09/15 14:31,79
12/09/15 14:36,85
12/09/15 14:41,83
12/09/15 14:46,81
12/09/15 14:51,98
12/09/15 14:56,86
12/09/15 15:01,72
12/09/15 15:06,89
12/09/15 15:11,94
12/09/15 15:21,93
12/09/15 15:26,86
12/09/15 15:36,80
12/09/15 15:41,88
12/09/15 15:46,82
12/09/15 15:51,87
12/09/15 15:56,88
12/09/15 16:01,76
12/09/15 16:06,67
12/09/15 16:11,79
12/09/15 16:16,87
12/09/15 16:21,75
12/09/15 16:26,86
12/09/15 16:36,92
12/09/15 16:41,81
12/09/15 16:46,91
12/09/15 16:56,85
12/09/15 17:01,83
12/09/15 17:06,96
12/09/15 17:11,78
12/09/15 17:16,85
12/09/15 17:21,68
12/09/15 17:26,77
12/09/15 17:31,88
12/09/15 17:36,79
12/09/15 17:41,96
12/09/15 17:46,88
12/09/15 17:51,89
12/09/15 17:56,89
12/09/15 18:01,92
12/09/15 18:06,97
12/09/15 18:11,86
12/09/15 18:16,86
12/09/15 18:21,82
12/09/15 18:26,81
12/09/15 18:36,76
12/09/15 18:41,96
12/09/15 18:46,79
12/09/15 18:51,97
12/09/15 19:01,80
12/09/15 19:06,96
12/09/15 19:21,94
12/09/15 19:31,75
12/09/15 19:36,88
12/09/15 19:41,89
12/09/15 19:51,88
12/09/15 19:56,93
12/09/15 20:01,80
12/09/15 20:11,91
12/09/15 20:21,93
12/09/15 20:31,88
12/09/15 20:36,85
12/09/15 20:46,86
12/09/15 21:01,87
12/09/15 21:06,91
12/09/15 21:11,84
12/09/15 21:16,80
12/09/15 21:21,86
12/09/15 21:26,88
12/09/15 21:31,74
12/09/15 21:46,78
12/09/15 21:56,84
12/09/15 22:11,88
12/09/15 22:16,65
12/09/15 22:21,86
12/09/15 22:26,87
12/09/15 22:36,82
12/09/15 22:41,85
12/09/15 22:46,91
12/09/15 22:56,81
12/09/15 23:01,83
12/09/15 23:11,93
12/09/15 23:26,100
12/09/15 23:31,90
12/09/15 23:41,88
12/09/15 23:51,91
13/09/15 0:16,79
13/09/15 0:21,85
13/09/15 0:26,81
13/09/15 2:21,87
13/09/15 2:26,86
13/09/15 2:36,74
13/09/15 2:56,77
13/09/15 4:41,84
13/09/15 4:46,84
13/09/15 4:51,90
13/09/15 5:21,86
13/09/15 6:11,90
13/09/15 6:21,96
13/09/15 6:41,80
13/09/15 6:46,84
13/09/15 6:51,84
13/09/15 7:11,84
13/09/15 7:16,82
13/09/15 7:21,86
13/09/15 7:36,82
13/09/15 7:46,85
13/09/15 7:56,96
13/09/15 8:01,91
13/09/15 8:16,85
13/09/15 8:31,97
13/09/15 8:41,82
13/09/15 8:56,80
13/09/15 9:06,95
13/09/15 9:11,88
13/09/15 9:16,89
13/09/15 9:31,95
13/09/15 9:36,87
13/09/15 9:46,79
13/09/15 9:51,73
13/09/15 10:01,89
13/09/15 10:06,87
13/09/15 10:11,74
13/09/15 10:16,84
13/09/15 10:21,94
13/09/15 10:26,91
13/09/15 10:31,85
13/09/15 10:36,79
13/09/15 10:41,74
13/09/15 10:46,84
13/09/15 10:51,92
13/09/15 10:56,83
13/09/15 11:06,80
13/09/15 11:11,94
13/09/15 11:16,67
13/09/15 11:26,77
13/09/15 11:31,85
13/09/15 11:36,84
13/09/15 11:41,90
13/09/15 11:46,89
13/09/15 11:51,82
13/09/15 11:56,86
13/09/15 12:01,77
13/09/15 12:06,81
13/09/15 12:11,90
13/09/15 12:16,84
13/09/15 12:21,81
13/09/15 12:26,91
13/09/15 12:31,81
13/09/15 12:41,77
13/09/15 12:46,78
13/09/15 12:53,101
13/09/15 12:58,70
13/09/15 13:03,84
13/09/15 13:08,88
13/09/15 13:13,93
13/09/15 13:18,87
13/09/15 13:23,96
13/09/15 13:33,72
13/09/15 13:38,86
13/09/15 13:43,97
13/09/15 13:48,83
13/09/15 13:53,87
13/09/15 13:58,86
13/09/15 14:03,103
13/09/15 14:13,89
13/09/15 14:18,82
13/09/15 14:28,88
13/09/15 14:38,84
13/09/15 14:43,89
13/09/15 14:48,85
13/09/15 14:53,90
13/09/15 15:03,84
13/09/15 15:13,87
13/09/15 15:18,91
13/09/15 15:23,77
13/09/15 15:28,87
13/09/15 15:33,82
13/09/15 15:43,82
13/09/15 15:48,85
13/09/15 15:53,79
13/09/15 15:58,94
13/09/15 16:03,86
13/09/15 16:08,74
13/09/15 16:13,83
13/09/15 16:18,79
13/09/15 16:23,83
13/09/15 16:28,85
13/09/15 16:33,80
13/09/15 16:38,81
13/09/15 16:43,81
13/09/15 16:48,91
13/09/15 16:58,86
13/09/15 17:03,86
13/09/15 17:08,82
13/09/15 17:13,89
13/09/15 17:18,82
13/09/15 17:23,76
13/09/15 17:28,94
13/09/15 17:33,90
13/09/15 17:38,89
13/09/15 17:43,91
13/09/15 17:48,87
13/09/15 17:53,79
13/09/15 17:58,94
13/09/15 18:03,79
13/09/15 18:08,84
13/09/15 18:13,82
13/09/15 18:18,80
13/09/15 18:23,88
13/09/15 18:28,84
13/09/15 18:33,90
13/09/15 18:38,86
13/09/15 18:43,80
13/09/15 18:48,74
13/09/15 18:53,88
13/09/15 18:58,95
13/09/15 19:03,85
13/09/15 19:13,76
13/09/15 19:18,93
13/09/15 19:23,80
13/09/15 19:33,88
13/09/15 19:38,83
13/09/15 19:43,77
13/09/15 19:48,94
13/09/15 19:53,94
13/09/15 19:58,86
13/09/15 20:03,74
13/09/15 20:08,68
13/09/15 20:13,76
13/09/15 20:18,77
13/09/15 20:28,89
13/09/15 20:33,87
13/09/15 20:38,79
13/09/15 20:48,72
13/09/15 20:53,77
13/09/15 20:58,91
13/09/15 21:03,89
13/09/15 21:08,94
13/09/15 21:13,69
13/09/15 21:18,85
13/09/15 21:43,79
13/09/15 22:03,88
13/09/15 22:13,81
13/09/15 22:28,79
13/09/15 22:33,87
13/09/15 22:38,78
13/09/15 22:43,88
13/09/15 22:48,93
13/09/15 22:58,79
13/09/15 23:03,71
13/09/15 23:13,78
13/09/15 23:18,87
13/09/15 23:28,79
13/09/15 23:33,77
13/09/15 23:38,79
13/09/15 23:48,79
13/09/15 23:59,69
14/09/15 0:03,71
14/09/15 0:18,82
14/09/15 0:33,89
14/09/15 1:08,80
14/09/15 1:33,76
14/09/15 1:53,81
14/09/15 1:58,81
14/09/15 2:08,86
14/09/15 2:23,88
14/09/15 2:28,83
14/09/15 2:33,76
14/09/15 2:48,76
14/09/15 2:53,81
14/09/15 3:18,74
14/09/15 3:33,72
14/09/15 3:38,67
14/09/15 3:43,71
14/09/15 3:48,77
14/09/15 4:03,77
14/09/15 4:08,68
14/09/15 4:23,80
14/09/15 4:28,74
14/09/15 4:43,97
14/09/15 4:48,90
14/09/15 4:53,89
14/09/15 4:58,68
14/09/15 5:03,84
14/09/15 5:08,81
14/09/15 5:13,95
14/09/15 5:18,76
14/09/15 5:23,76
14/09/15 5:28,76
14/09/15 5:33,87
14/09/15 5:38,86
14/09/15 5:43,84
14/09/15 5:48,93
14/09/15 5:53,78
14/09/15 5:58,91
14/09/15 6:03,87
14/09/15 6:08,81
14/09/15 6:13,86
14/09/15 6:18,86
14/09/15 6:23,71
14/09/15 6:28,85
14/09/15 6:33,81
14/09/15 6:38,76
14/09/15 6:43,91
14/09/15 8:23,90
14/09/15 8:28,82
14/09/15 8:33,79
14/09/15 8:38,87
14/09/15 8:43,88
14/09/15 8:48,86
14/09/15 8:53,83
14/09/15 8:58,82
14/09/15 9:03,87
14/09/15 9:08,86
14/09/15 9:13,74
14/09/15 9:23,78
14/09/15 9:28,85
14/09/15 9:33,69
14/09/15 9:38,80
14/09/15 9:43,77
14/09/15 9:48,83
14/09/15 9:53,82
14/09/15 9:58,87
14/09/15 10:03,88
14/09/15 10:08,85
14/09/15 10:13,75
14/09/15 10:18,95
14/09/15 10:23,93
14/09/15 10:28,85
14/09/15 10:33,77
14/09/15 10:38,81
14/09/15 10:43,78
14/09/15 10:48,78
14/09/15 10:53,79
14/09/15 10:58,92
14/09/15 11:03,75
14/09/15 11:23,75
14/09/15 11:33,70
14/09/15 11:38,79
14/09/15 11:48,73
14/09/15 11:53,87
14/09/15 11:58,84
14/09/15 12:03,79
14/09/15 12:08,74
14/09/15 12:13,64
14/09/15 12:18,82
14/09/15 12:23,86
14/09/15 12:28,98
14/09/15 12:33,92
14/09/15 12:38,86
14/09/15 12:43,80
14/09/15 12:48,88
14/09/15 13:03,76
14/09/15 13:08,75
14/09/15 13:13,90
14/09/15 13:15,79
14/09/15 13:20,90
14/09/15 13:25,76
14/09/15 13:35,92
14/09/15 13:40,84
14/09/15 13:45,87
14/09/15 13:55,89
14/09/15 14:00,63
14/09/15 14:05,78
14/09/15 14:10,83
14/09/15 14:15,74
14/09/15 14:20,99
14/09/15 14:25,73
14/09/15 14:30,92
14/09/15 14:35,88
14/09/15 14:40,84
14/09/15 14:45,86
14/09/15 14:50,88
14/09/15 14:55,92
14/09/15 15:00,82
14/09/15 15:05,87
14/09/15 15:10,87
14/09/15 15:15,92
14/09/15 15:20,79
14/09/15 15:25,91
14/09/15 15:30,82
14/09/15 15:35,94
14/09/15 15:40,87
14/09/15 15:45,78
14/09/15 15:50,81
14/09/15 15:55,77
14/09/15 16:00,81
14/09/15 16:05,82
14/09/15 16:10,71
14/09/15 16:15,81
14/09/15 16:20,83
14/09/15 16:25,82
14/09/15 16:30,93
14/09/15 16:35,84
14/09/15 16:40,94
14/09/15 16:45,74
14/09/15 16:50,87
14/09/15 16:55,76
14/09/15 17:00,98
14/09/15 17:10,84
14/09/15 17:15,80
14/09/15 17:20,83
14/09/15 17:25,66
14/09/15 17:30,73
14/09/15 17:35,84
14/09/15 17:40,88
14/09/15 17:45,69
14/09/15 17:50,91
14/09/15 17:55,86
14/09/15 18:00,79
14/09/15 18:05,83
14/09/15 18:10,84
14/09/15 18:15,71
14/09/15 18:20,80
14/09/15 18:25,63
14/09/15 18:30,83
14/09/15 18:35,85
14/09/15 18:45,82
14/09/15 18:50,90
14/09/15 18:55,88
14/09/15 19:01,86
14/09/15 19:05,83
14/09/15 19:10,87
14/09/15 19:15,90
14/09/15 19:20,86
14/09/15 19:30,76
14/09/15 19:35,85
14/09/15 19:40,90
14/09/15 19:45,73
14/09/15 19:50,80
14/09/15 19:55,83
14/09/15 20:05,94
14/09/15 20:10,78
14/09/15 20:15,83
14/09/15 20:20,74
14/09/15 20:25,81
14/09/15 20:30,82
14/09/15 20:50,87
14/09/15 20:55,86
14/09/15 20:59,83
14/09/15 21:05,56
14/09/15 21:10,76
14/09/15 21:25,82
14/09/15 21:35,78
14/09/15 21:45,91
14/09/15 21:50,89
14/09/15 21:55,87
14/09/15 22:01,82
14/09/15 22:06,74
14/09/15 22:11,78
14/09/15 22:16,82
14/09/15 22:21,87
14/09/15 22:25,66
14/09/15 22:30,76
14/09/15 22:40,79
14/09/15 23:01,75
14/09/15 23:06,84
14/09/15 23:11,78
14/09/15 23:15,85
14/09/15 23:26,94
14/09/15 23:31,75
14/09/15 23:36,75
14/09/15 23:41,70
14/09/15 23:51,65
14/09/15 23:56,58
15/09/15 0:06,60
15/09/15 0:11,60
15/09/15 0:16,59
15/09/15 0:20,57
15/09/15 0:40,66
15/09/15 0:56,75
15/09/15 1:10,73
15/09/15 1:15,65
15/09/15 1:25,68
15/09/15 1:35,74
15/09/15 1:40,75
15/09/15 1:45,72
15/09/15 1:50,65
15/09/15 1:55,66
15/09/15 2:06,61
15/09/15 2:11,67
15/09/15 2:31,88
15/09/15 2:41,80
15/09/15 2:56,74
15/09/15 3:01,73
15/09/15 3:10,64
15/09/15 3:20,82
15/09/15 3:25,77
15/09/15 3:30,87
15/09/15 3:40,87
15/09/15 3:45,91
15/09/15 3:50,87
15/09/15 4:01,75
15/09/15 4:06,71
15/09/15 4:10,67
15/09/15 4:16,85
15/09/15 4:21,85
15/09/15 4:26,90
15/09/15 4:31,88
15/09/15 4:35,86
15/09/15 4:46,86
15/09/15 4:51,70
15/09/15 4:55,78
15/09/15 5:01,79
15/09/15 5:05,87
15/09/15 5:10,87
15/09/15 5:15,79
15/09/15 5:20,78
15/09/15 5:26,79
15/09/15 5:31,73
15/09/15 5:36,85
15/09/15 5:46,82
15/09/15 5:51,95
15/09/15 5:55,85
15/09/15 6:00,89
15/09/15 6:05,90
15/09/15 6:10,94
15/09/15 6:16,80
15/09/15 6:20,89
15/09/15 6:25,87
15/09/15 6:30,84
15/09/15 6:35,96
15/09/15 6:41,80
15/09/15 6:45,79
15/09/15 6:50,80
15/09/15 6:55,64
15/09/15 7:00,74
15/09/15 7:06,81
15/09/15 7:11,83
15/09/15 7:16,89
15/09/15 7:21,86
15/09/15 7:26,88
15/09/15 7:31,78
15/09/15 7:36,85
15/09/15 7:41,84
15/09/15 7:46,70
15/09/15 7:51,72
15/09/15 7:56,97
15/09/15 8:01,91
15/09/15 8:06,83
15/09/15 8:11,74
15/09/15 8:16,91
15/09/15 8:21,71
15/09/15 8:26,88
15/09/15 8:31,95
15/09/15 8:36,80
15/09/15 8:41,73
15/09/15 8:46,83
15/09/15 8:51,78
15/09/15 8:56,75
15/09/15 9:01,75
15/09/15 9:06,61
15/09/15 9:11,96
15/09/15 9:16,84
15/09/15 9:21,82
15/09/15 9:26,74
15/09/15 9:31,86
15/09/15 9:36,70
15/09/15 9:41,91
15/09/15 9:46,72
15/09/15 9:51,79
15/09/15 10:01,79
15/09/15 10:06,80
15/09/15 10:11,85
15/09/15 10:21,89
15/09/15 10:31,91
15/09/15 10:36,78
15/09/15 10:41,91
15/09/15 10:46,84
15/09/15 10:51,72
15/09/15 11:01,82
15/09/15 11:06,82
15/09/15 11:11,82
15/09/15 11:16,81
15/09/15 11:21,84
15/09/15 11:26,92
15/09/15 11:31,99
15/09/15 11:36,82
15/09/15 11:41,82
15/09/15 11:46,76
15/09/15 11:51,65
15/09/15 11:56,87
15/09/15 12:01,76
15/09/15 12:06,76
15/09/15 12:11,89
15/09/15 12:16,72
15/09/15 12:21,68
15/09/15 12:26,81
15/09/15 12:31,87
15/09/15 12:36,83
15/09/15 12:46,88
15/09/15 12:51,84
15/09/15 12:56,78
15/09/15 13:01,76
15/09/15 13:06,75
15/09/15 13:11,90
15/09/15 13:16,88
15/09/15 13:21,80
15/09/15 13:26,75
15/09/15 13:31,80
15/09/15 13:36,92
15/09/15 13:46,92
15/09/15 13:51,90
15/09/15 13:54,88
15/09/15 13:59,84
15/09/15 14:04,78
15/09/15 14:09,79
15/09/15 14:14,82
15/09/15 14:19,90
15/09/15 14:24,77
15/09/15 14:29,87
15/09/15 14:34,72
15/09/15 14:39,84
15/09/15 14:44,74
15/09/15 14:49,88
15/09/15 14:54,83
15/09/15 15:04,76
15/09/15 15:09,85
15/09/15 15:14,85
15/09/15 15:19,85
15/09/15 15:24,100
15/09/15 15:29,85
15/09/15 15:34,86
15/09/15 15:39,84
15/09/15 15:44,95
15/09/15 15:49,92
15/09/15 15:54,77
15/09/15 15:59,83
15/09/15 16:04,79
15/09/15 16:09,81
15/09/15 16:14,79
15/09/15 16:19,98
15/09/15 16:24,70
15/09/15 16:29,85
15/09/15 16:34,90
15/09/15 16:39,90
15/09/15 16:44,93
15/09/15 16:49,90
15/09/15 16:54,75
15/09/15 16:59,78
15/09/15 17:04,93
15/09/15 17:09,75
15/09/15 17:14,78
15/09/15 17:19,80
15/09/15 17:24,88
15/09/15 17:29,84
15/09/15 17:34,86
15/09/15 17:39,85
15/09/15 17:44,85
15/09/15 17:49,74
15/09/15 17:54,92
15/09/15 18:04,72
15/09/15 18:09,76
15/09/15 18:14,94
15/09/15 18:19,92
15/09/15 18:24,69
15/09/15 18:29,76
15/09/15 18:39,90
15/09/15 18:44,87
15/09/15 18:49,86
15/09/15 18:54,86
15/09/15 18:59,82
15/09/15 19:04,80
15/09/15 19:14,74
15/09/15 19:24,87
15/09/15 19:29,71
15/09/15 19:34,80
15/09/15 19:44,69
15/09/15 19:49,81
15/09/15 19:54,68
15/09/15 19:59,91
15/09/15 20:04,82
15/09/15 20:09,77
15/09/15 20:14,75
15/09/15 20:19,73
15/09/15 20:29,83
15/09/15 20:34,75
15/09/15 20:39,68
15/09/15 20:44,79
15/09/15 20:49,88
15/09/15 20:54,82
15/09/15 20:59,77
15/09/15 21:04,72
15/09/15 21:09,77
15/09/15 21:14,81
15/09/15 21:19,83
15/09/15 21:24,76
15/09/15 21:29,73
15/09/15 21:34,64
15/09/15 21:39,75
15/09/15 21:44,79
15/09/15 21:59,69
15/09/15 22:09,78
15/09/15 22:19,71
15/09/15 22:24,77
15/09/15 22:34,87
15/09/15 22:44,72
15/09/15 22:59,92
15/09/15 23:04,86
15/09/15 23:09,83
15/09/15 23:19,89
15/09/15 23:24,87
15/09/15 23:29,84
15/09/15 23:34,81
15/09/15 23:39,72
15/09/15 23:44,76
15/09/15 23:49,79
15/09/15 23:54,70
16/09/15 0:09,78
16/09/15 0:14,82
16/09/15 0:19,91
16/09/15 0:29,97
16/09/15 0:34,103
16/09/15 0:44,101
16/09/15 0:49,105
16/09/15 0:54,105
16/09/15 1:04,89
16/09/15 1:09,92
16/09/15 1:14,91
16/09/15 1:19,91
16/09/15 1:24,95
16/09/15 1:29,92
16/09/15 1:34,94
16/09/15 1:39,88
16/09/15 2:04,62
16/09/15 2:09,73
16/09/15 2:24,87
16/09/15 2:44,72
16/09/15 2:49,67
16/09/15 2:54,69
16/09/15 2:59,57
16/09/15 3:04,57
16/09/15 3:14,77
16/09/15 3:19,85
16/09/15 3:29,74
16/09/15 3:34,76
16/09/15 3:39,70
16/09/15 3:44,80
16/09/15 3:49,80
16/09/15 3:54,84
16/09/15 3:59,83
16/09/15 4:09,80
16/09/15 4:14,75
16/09/15 4:29,89
16/09/15 4:34,85
16/09/15 4:44,83
16/09/15 4:49,85
16/09/15 5:09,93
16/09/15 5:14,90
16/09/15 5:19,106
16/09/15 5:24,94
16/09/15 5:29,74
16/09/15 5:39,98
16/09/15 5:44,87
16/09/15 5:49,82
16/09/15 5:54,95
16/09/15 5:59,91
16/09/15 6:04,86
16/09/15 6:09,81
16/09/15 6:14,74
16/09/15 6:19,80
16/09/15 6:24,71
16/09/15 6:29,86
16/09/15 6:34,75
16/09/15 6:39,82
16/09/15 6:44,85
16/09/15 6:49,91
16/09/15 6:54,76
16/09/15 6:59,84
16/09/15 7:04,82
16/09/15 7:09,77
16/09/15 7:14,84
16/09/15 7:19,77
16/09/15 7:24,85
16/09/15 7:29,95
16/09/15 7:34,87
16/09/15 7:39,81
16/09/15 7:44,84
16/09/15 7:49,84
16/09/15 7:54,91
16/09/15 7:59,86
16/09/15 8:04,86
16/09/15 8:09,77
16/09/15 8:14,77
16/09/15 8:19,82
16/09/15 8:24,86
16/09/15 8:29,84
16/09/15 8:34,64
16/09/15 8:39,83
16/09/15 8:44,80
16/09/15 8:49,78
16/09/15 8:54,95
16/09/15 8:59,93
16/09/15 9:04,73
16/09/15 9:09,86
16/09/15 9:14,62
16/09/15 9:19,86
16/09/15 9:24,84
16/09/15 9:29,78
16/09/15 9:34,78
16/09/15 9:39,79
16/09/15 9:49,91
16/09/15 9:54,70
16/09/15 9:59,76
16/09/15 10:04,93
16/09/15 10:09,88
16/09/15 10:14,83
16/09/15 10:19,81
16/09/15 10:24,90
16/09/15 10:29,96
16/09/15 10:34,81
16/09/15 10:39,88
16/09/15 10:44,70
16/09/15 10:49,74
16/09/15 10:54,64
16/09/15 10:59,81
16/09/15 11:04,76
16/09/15 11:09,73
16/09/15 11:14,83
16/09/15 11:24,83
16/09/15 11:29,62
16/09/15 11:34,68
16/09/15 11:39,84
16/09/15 11:44,76
16/09/15 11:49,81
16/09/15 11:54,93
16/09/15 11:59,92
16/09/15 12:04,68
16/09/15 12:09,84
16/09/15 12:14,83
16/09/15 12:19,85
16/09/15 12:24,71
16/09/15 12:29,78
16/09/15 12:34,77
16/09/15 12:39,77
16/09/15 12:44,88
16/09/15 12:49,80
16/09/15 12:54,89
16/09/15 12:59,89
16/09/15 13:04,80
16/09/15 13:09,72
16/09/15 13:14,88
16/09/15 13:19,72
16/09/15 13:24,85
16/09/15 13:29,85
16/09/15 13:34,89
16/09/15 13:39,82
16/09/15 13:44,87
16/09/15 13:54,69
16/09/15 13:59,78
16/09/15 14:04,87
16/09/15 14:09,82
16/09/15 14:14,78
16/09/15 14:19,91
16/09/15 14:24,83
16/09/15 14:29,73
16/09/15 14:30,75
16/09/15 14:35,75
16/09/15 14:40,83
16/09/15 14:50,84
16/09/15 14:55,85
16/09/15 15:00,85
16/09/15 15:05,86
16/09/15 15:10,79
16/09/15 15:15,85
16/09/15 15:20,83
16/09/15 15:25,78
16/09/15 15:30,94
16/09/15 15:35,83
16/09/15 15:40,73
16/09/15 15:45,67
16/09/15 15:50,83
16/09/15 15:55,81
16/09/15 16:00,83
16/09/15 16:05,68
16/09/15 16:10,77
16/09/15 16:15,70
16/09/15 16:20,75
16/09/15 16:25,74
16/09/15 16:30,87
16/09/15 16:35,85
16/09/15 16:40,93
16/09/15 16:45,75
16/09/15 16:55,99
16/09/15 17:00,84
16/09/15 17:05,87
16/09/15 17:10,82
16/09/15 17:15,84
16/09/15 17:20,76
16/09/15 17:25,98
16/09/15 17:30,87
16/09/15 17:35,94
16/09/15 17:45,92
16/09/15 17:50,83
16/09/15 17:55,76
16/09/15 18:00,71
16/09/15 18:05,84
16/09/15 18:10,87
16/09/15 18:15,90
16/09/15 18:20,76
16/09/15 18:30,89
16/09/15 18:35,95
16/09/15 18:40,84
16/09/15 18:45,72
16/09/15 18:50,83
16/09/15 18:55,68
16/09/15 19:00,93
16/09/15 19:05,76
16/09/15 19:10,93
16/09/15 19:15,93
16/09/15 19:20,88
16/09/15 19:25,93
16/09/15 19:30,84
16/09/15 19:35,71
16/09/15 19:40,72
16/09/15 19:45,79
16/09/15 19:50,79
16/09/15 19:55,88
16/09/15 20:00,80
16/09/15 20:05,64
16/09/15 20:10,78
16/09/15 20:15,89
16/09/15 20:20,82
16/09/15 20:25,86
16/09/15 20:30,81
16/09/15 20:35,69
16/09/15 20:40,68
16/09/15 20:45,86
16/09/15 20:50,93
16/09/15 20:55,76
16/09/15 21:00,80
16/09/15 21:15,80
16/09/15 21:20,82
16/09/15 21:30,77
16/09/15 21:35,78
16/09/15 21:40,76
16/09/15 21:45,73
16/09/15 21:50,63
16/09/15 21:55,63
16/09/15 21:59,71
16/09/15 22:05,82
16/09/15 22:10,74
16/09/15 22:14,75
16/09/15 22:20,75
16/09/15 22:25,89
16/09/15 22:30,96
16/09/15 22:35,75
16/09/15 22:40,76
16/09/15 22:45,89
16/09/15 23:00,93
16/09/15 23:05,85
16/09/15 23:10,73
16/09/15 23:15,77
16/09/15 23:20,81
16/09/15 23:40,63
16/09/15 23:45,65
16/09/15 23:50,66
17/09/15 0:00,75
17/09/15 0:10,58
17/09/15 0:15,57
17/09/15 0:25,78
17/09/15 0:50,81
17/09/15 0:59,83
17/09/15 1:05,74
17/09/15 1:15,68
17/09/15 1:25,74
17/09/15 1:40,71
17/09/15 1:45,73
17/09/15 1:50,74
17/09/15 1:55,80
17/09/15 2:00,78
17/09/15 2:05,77
17/09/15 2:15,83
17/09/15 2:20,83
17/09/15 2:25,84
17/09/15 2:35,91
17/09/15 2:40,93
17/09/15 2:45,93
17/09/15 2:50,91
17/09/15 2:55,88
17/09/15 3:00,84
17/09/15 3:05,86
17/09/15 3:10,80
17/09/15 3:15,73
17/09/15 3:20,71
17/09/15 3:30,70
17/09/15 3:35,69
17/09/15 3:40,75
17/09/15 3:45,82
17/09/15 3:50,69
17/09/15 3:55,70
17/09/15 4:00,64
17/09/15 4:05,66
17/09/15 4:10,75
17/09/15 4:15,81
17/09/15 4:20,80
17/09/15 4:25,84
17/09/15 4:30,85
17/09/15 4:35,87
17/09/15 4:40,80
17/09/15 4:45,71
17/09/15 4:50,73
17/09/15 4:55,74
17/09/15 5:00,85
17/09/15 5:05,82
17/09/15 5:10,83
17/09/15 5:15,85
17/09/15 5:20,90
17/09/15 5:25,82
17/09/15 5:30,87
17/09/15 5:35,88
17/09/15 5:40,78
17/09/15 5:45,88
17/09/15 5:50,85
17/09/15 5:55,81
17/09/15 6:00,82
17/09/15 6:05,76
17/09/15 6:10,88
17/09/15 6:15,83
17/09/15 6:20,73
17/09/15 6:25,75
17/09/15 6:30,71
17/09/15 6:35,75
17/09/15 6:40,74
17/09/15 6:45,80
17/09/15 6:50,62
17/09/15 6:55,66
17/09/15 7:00,28
17/09/15 7:05,68
17/09/15 7:10,59
17/09/15 7:15,20
17/09/15 7:20,67
17/09/15 7:25,61
17/09/15 7:30,59
17/09/15 7:35,29
17/09/15 7:40,54
17/09/15 7:45,86
17/09/15 7:50,80
17/09/15 7:55,68
17/09/15 8:00,78
17/09/15 8:05,89
17/09/15 8:10,89
17/09/15 8:15,89
17/09/15 8:20,87
17/09/15 8:25,81
17/09/15 8:30,82
17/09/15 8:35,82
17/09/15 8:40,66
17/09/15 8:45,53
17/09/15 8:50,69
17/09/15 8:55,71
17/09/15 9:00,53
17/09/15 9:05,70
17/09/15 9:10,72
17/09/15 9:15,75
17/09/15 9:20,74
17/09/15 9:25,87
17/09/15 9:30,70
17/09/15 9:35,77
17/09/15 9:40,73
17/09/15 9:45,70
17/09/15 9:50,64
17/09/15 9:55,68
17/09/15 10:00,85
17/09/15 10:05,70
17/09/15 10:10,66
17/09/15 10:15,80
17/09/15 10:20,75
17/09/15 10:25,74
17/09/15 10:30,73
17/09/15 10:35,67
17/09/15 10:40,65
17/09/15 10:45,79
17/09/15 10:50,78
17/09/15 10:55,76
17/09/15 11:05,91
17/09/15 11:10,87
17/09/15 11:15,82
17/09/15 11:20,92
17/09/15 11:25,83
17/09/15 11:30,82
17/09/15 11:35,83
17/09/15 11:40,67
17/09/15 11:45,89
17/09/15 11:50,80
17/09/15 11:55,79
17/09/15 12:00,87
17/09/15 12:05,87
17/09/15 12:10,77
17/09/15 12:15,80
17/09/15 12:20,84
17/09/15 12:25,90
17/09/15 12:30,87
17/09/15 12:35,82
17/09/15 12:40,83
17/09/15 12:45,77
17/09/15 12:50,86
17/09/15 12:55,97
17/09/15 13:00,87
17/09/15 13:05,91
17/09/15 13:10,75
17/09/15 13:15,89
17/09/15 13:20,77
17/09/15 13:25,75
17/09/15 13:30,83
17/09/15 13:35,85
17/09/15 13:40,83
17/09/15 13:45,77
17/09/15 13:50,75
17/09/15 13:55,72
17/09/15 14:00,79
17/09/15 14:05,84
17/09/15 14:10,71
17/09/15 14:15,80
17/09/15 14:20,71
17/09/15 14:25,79
17/09/15 14:30,83
17/09/15 14:34,88
17/09/15 14:39,78
17/09/15 14:44,97
17/09/15 14:49,81
17/09/15 14:54,93
17/09/15 14:58,77
17/09/15 15:04,81
17/09/15 15:08,74
17/09/15 15:13,90
17/09/15 15:18,77
17/09/15 15:23,80
17/09/15 15:28,88
17/09/15 15:34,84
17/09/15 15:38,78
17/09/15 15:43,91
17/09/15 15:48,83
17/09/15 15:49,80
17/09/15 15:54,77
17/09/15 15:59,82
17/09/15 16:04,81
17/09/15 16:09,89
17/09/15 16:14,87
17/09/15 16:19,82
17/09/15 16:24,83